{
  "base_case": {
    "npv": 9624223.646875257,
    "irr": 0.4438583624549436,
    "dpp_years": 2.407945075757575,
    "annual_savings": 6600000.0
  },
  "scenario_compare": {
    "scenario_1": {
      "name": "Base",
      "freq_project": 2.0,
      "price_project": 200.0,
      "npv": 9624223.646875257,
      "irr": 0.4438583624549436,
      "dpp_years": 2.407945075757575,
      "decision": "ПРИНИМАТЬ"
    },
    "scenario_2": {
      "name": "Conservative",
      "freq_project": 2.1,
      "price_project": 210.0,
      "npv": -1639017.482443056,
      "irr": 0.09315425774443342,
      "dpp_years": 6.195623175226658,
      "decision": "ОТКЛОНИТЬ"
    },
    "delta_2_minus_1": {
      "npv": -11263241.129318312,
      "irr": -0.3507041047105102,
      "dpp_years": 3.787678099469083
    }
  },
  "break_even": {
    "price_at_freq_2": 219.64285714285714,
    "freq_at_price_200": 2.1964285714285716
  },
  "decision": {
    "recommended": "BUY_LAB",
    "score_margin_vs_second": 0.8
  }
}
